name,cost,class,url
A-7 Hunter Interceptor,80000,Starfighter,https://starwars.fandom.com/wiki/A-7_Hunter_Interceptor
A-9 Vigilance interceptor,185000,Starfighter,https://starwars.fandom.com/wiki/A-9_Vigilance_interceptor
Acclamator-class transgalactic military assault ship/Legends,29000000,Heavy cruiser,https://starwars.fandom.com/wiki/Acclamator-class_transgalactic_military_assault_ship/Legends
Adz-class patrol destroyer,4450000,Destroyer,https://starwars.fandom.com/wiki/Adz-class_patrol_destroyer
Aggressive ReConnaissance-170 starfighter,180000,Heavy assault starfighter / bombers,https://starwars.fandom.com/wiki/Aggressive_ReConnaissance-170_starfighter
Aggressive ReConnaissance-170 starfighter/Legends,155000,Starfighter,https://starwars.fandom.com/wiki/Aggressive_ReConnaissance-170_starfighter/Legends
Alpha-3 Nimbus-class V-wing starfighter,120000,Starfighter,https://starwars.fandom.com/wiki/Alpha-3_Nimbus-class_V-wing_starfighter
Alpha-3 Nimbus-class V-wing starfighter/Legends,102500,Starfighter,https://starwars.fandom.com/wiki/Alpha-3_Nimbus-class_V-wing_starfighter/Legends
Alpha-class Xg-1 Star Wing,135000,Starfighter,https://starwars.fandom.com/wiki/Alpha-class_Xg-1_Star_Wing
Alpha-class Xg-1 Star Wing/Legends,125000,Assault starfighter,https://starwars.fandom.com/wiki/Alpha-class_Xg-1_Star_Wing/Legends
Arquitens-class command cruiser,5000000,Light cruiser,https://starwars.fandom.com/wiki/Arquitens-class_command_cruiser
Arquitens-class light cruiser,4000000,Light cruiser,https://starwars.fandom.com/wiki/Arquitens-class_light_cruiser
Assertor-class Star Dreadnought,1100000000,Star Dreadnought Battlecruiser,https://starwars.fandom.com/wiki/Assertor-class_Star_Dreadnought
Assertor-class Star Dreadnought/Legends,1100000000,Star Dreadnought,https://starwars.fandom.com/wiki/Assertor-class_Star_Dreadnought/Legends
Bayonet-class light cruiser,5000000,Light cruiser,https://starwars.fandom.com/wiki/Bayonet-class_light_cruiser
Belbullab-22 starfighter/Legends,168000,Starfighter,https://starwars.fandom.com/wiki/Belbullab-22_starfighter/Legends
Belbullab-24 strike bomber,168000,Starfighter,https://starwars.fandom.com/wiki/Belbullab-24_strike_bomber
Cantwell-class Arrestor Cruiser,2200000,Arrestor cruiser Patrol and detainment cruiser,https://starwars.fandom.com/wiki/Cantwell-class_Arrestor_Cruiser
CR70 corvette/Legends,2900000,Corvette,https://starwars.fandom.com/wiki/CR70_corvette/Legends
CR90 corvette,1200000,Corvette,https://starwars.fandom.com/wiki/CR90_corvette
CR90 corvette/Legends,3500000,Corvette,https://starwars.fandom.com/wiki/CR90_corvette/Legends
CR92a Assassin-class corvette,2500000,Corvette,https://starwars.fandom.com/wiki/CR92a_Assassin-class_corvette
Curich-class shuttle,130000,Transport,https://starwars.fandom.com/wiki/Curich-class_shuttle
Delta-class T-3c shuttle,160000,Shuttle,https://starwars.fandom.com/wiki/Delta-class_T-3c_shuttle
DP20 gunship,3200000,Frigate,https://starwars.fandom.com/wiki/DP20_gunship
DP20 gunship/Legends,4800000,Frigate Corvette,https://starwars.fandom.com/wiki/DP20_gunship/Legends
Dreadnaught-class heavy cruiser/Legends,7200000,Heavy cruiser,https://starwars.fandom.com/wiki/Dreadnaught-class_heavy_cruiser/Legends
Dreadnought-class heavy cruiser,7200000,Heavy cruiser,https://starwars.fandom.com/wiki/Dreadnought-class_heavy_cruiser
EF76 Nebulon-B escort frigate,8500000,Frigate,https://starwars.fandom.com/wiki/EF76_Nebulon-B_escort_frigate
EF76 Nebulon-B escort frigate/Legends,8500000,Frigate,https://starwars.fandom.com/wiki/EF76_Nebulon-B_escort_frigate/Legends
Eta-class supply barge,750000,Supply ship,https://starwars.fandom.com/wiki/Eta-class_supply_barge
FireStar II-class Orbital Defense Platform,8500000,Battle station,https://starwars.fandom.com/wiki/FireStar_II-class_Orbital_Defense_Platform
Gamma-class assault shuttle/Legends,850000,Assault shuttle,https://starwars.fandom.com/wiki/Gamma-class_assault_shuttle/Legends
GAT-12 Skipray Blastboat,285000,Heavy starfighter,https://starwars.fandom.com/wiki/GAT-12_Skipray_Blastboat
Gladiator I,34000000,Escort frigate-classed Star Destroyer,https://starwars.fandom.com/wiki/Gladiator_I
Gladiator-class Star Destroyer,34000000,Escort frigate-classed Star Destroyer,https://starwars.fandom.com/wiki/Gladiator-class_Star_Destroyer
Gladiator-class Star Destroyer/Legends,34000000,Star Destroyer,https://starwars.fandom.com/wiki/Gladiator-class_Star_Destroyer/Legends
Gozanti-class cruiser,200000,Light cruiser,https://starwars.fandom.com/wiki/Gozanti-class_cruiser
GR-75 medium transport/Legends,350000,Medium transport,https://starwars.fandom.com/wiki/GR-75_medium_transport/Legends
Grek-class troop shuttle/Legends,40000,Armored shuttle,https://starwars.fandom.com/wiki/Grek-class_troop_shuttle/Legends
I-7 Howlrunner,165000,Starfighter,https://starwars.fandom.com/wiki/I-7_Howlrunner
IF-120 landing craft,290000,Landing craft,https://starwars.fandom.com/wiki/IF-120_landing_craft
Immobilizer 418 Interdictor-class Heavy Cruiser,52240000,Cruiser,https://starwars.fandom.com/wiki/Immobilizer_418_Interdictor-class_Heavy_Cruiser
Imperial Armored Transport,240000,Transport,https://starwars.fandom.com/wiki/Imperial_Armored_Transport
Imperial Gozanti-class cruiser,200000,Armored freighter Cruiser / transport Light cruiser,https://starwars.fandom.com/wiki/Imperial_Gozanti-class_cruiser
Imperial I-class Star Destroyer,150000000,Star Destroyer,https://starwars.fandom.com/wiki/Imperial_I-class_Star_Destroyer
Imperial I-class Star Destroyer/Legends,150000000,Star Destroyer,https://starwars.fandom.com/wiki/Imperial_I-class_Star_Destroyer/Legends
Imperial II-class Star Destroyer,150000000,Star Destroyer,https://starwars.fandom.com/wiki/Imperial_II-class_Star_Destroyer
Imperial II-class Star Destroyer/Legends,145670000,Star Destroyer,https://starwars.fandom.com/wiki/Imperial_II-class_Star_Destroyer/Legends
Interdictor-class heavy cruiser,15400000,Heavy cruiser-classed Star Destroyer,https://starwars.fandom.com/wiki/Interdictor-class_heavy_cruiser
Interdictor-class Star Destroyer/Legends,175000000,Star Destroyer,https://starwars.fandom.com/wiki/Interdictor-class_Star_Destroyer/Legends
IPV-1 System Patrol Craft,4000000,Inter-system patrol / customs craft,https://starwars.fandom.com/wiki/IPV-1_System_Patrol_Craft
IR-3F-class light frigate/Legends,2500000,Light frigate,https://starwars.fandom.com/wiki/IR-3F-class_light_frigate/Legends
ISP-6 Imperial Shuttle Pod,15000,Shuttle pod,https://starwars.fandom.com/wiki/ISP-6_Imperial_Shuttle_Pod
Kappa-class shuttle,110000,Shuttle,https://starwars.fandom.com/wiki/Kappa-class_shuttle
Katarn-class boarding shuttle,100000,Boarding shuttle,https://starwars.fandom.com/wiki/Katarn-class_boarding_shuttle
LAAT/le patrol gunship,62000,Gunship,https://starwars.fandom.com/wiki/LAAT/le_patrol_gunship
Lambda-class T-4a shuttle,140000,Multi-purpose transport,https://starwars.fandom.com/wiki/Lambda-class_T-4a_shuttle
Lambda-class T-4a shuttle/Legends,240000,Armed government transport shuttle,https://starwars.fandom.com/wiki/Lambda-class_T-4a_shuttle/Legends
Lancer-class frigate/Legends,4760000,Frigate,https://starwars.fandom.com/wiki/Lancer-class_frigate/Legends
Lictor-class dungeon ship,7800000,Dungeon ship,https://starwars.fandom.com/wiki/Lictor-class_dungeon_ship
Lone Scout-A,125000,Scouting,https://starwars.fandom.com/wiki/Lone_Scout-A
Low Altitude Assault Transport/carrier,175000,Low Altitude Assault Transport / carrier,https://starwars.fandom.com/wiki/Low_Altitude_Assault_Transport/carrier
Low Altitude Assault Transport/carrier/Legends,58000,Repulsorlift gunship,https://starwars.fandom.com/wiki/Low_Altitude_Assault_Transport/carrier/Legends
Low Altitude Assault Transport/infantry,85000,Gunship Transport Starfighter,https://starwars.fandom.com/wiki/Low_Altitude_Assault_Transport/infantry
M3-A Scyk interceptor,55000,Interceptor,https://starwars.fandom.com/wiki/M3-A_Scyk_interceptor
Maelstrom-class battle cruiser,158000000,Battlecruiser,https://starwars.fandom.com/wiki/Maelstrom-class_battle_cruiser
Maelstrom-class battle cruiser/Legends,158000000,Battlecruiser,https://starwars.fandom.com/wiki/Maelstrom-class_battle_cruiser/Legends
MC80A Home One Type Heavy Star Cruiser,112000000,Heavy Star Cruiser,https://starwars.fandom.com/wiki/MC80A_Home_One_Type_Heavy_Star_Cruiser
MedStar-class frigate/Legends,4875000,Medical frigate,https://starwars.fandom.com/wiki/MedStar-class_frigate/Legends
MRX-BR Pacifier,170000,Scout vessel,https://starwars.fandom.com/wiki/MRX-BR_Pacifier
Neutron Star-class bulk cruiser carrier conversion,5000000,Bulk cruiser,https://starwars.fandom.com/wiki/Neutron_Star-class_bulk_cruiser_carrier_conversion
Neutron Star-class bulk cruiser/Legends,5000000,Bulk cruiser,https://starwars.fandom.com/wiki/Neutron_Star-class_bulk_cruiser/Legends
Nu-class attack shuttle/Legends,85000,Shuttle,https://starwars.fandom.com/wiki/Nu-class_attack_shuttle/Legends
Nu-class attack/transport shuttle,85000,Attack shuttle Multi-purpose transport,https://starwars.fandom.com/wiki/Nu-class_attack/transport_shuttle
Onager-class Star Destroyer,376500000,Cruiser-classed Star Destroyer Superweapon,https://starwars.fandom.com/wiki/Onager-class_Star_Destroyer
PB-950 patrol boat,150000,Light corvette,https://starwars.fandom.com/wiki/PB-950_patrol_boat
Praetor Mark II-class battlecruiser,700000000,Battlecruiser,https://starwars.fandom.com/wiki/Praetor_Mark_II-class_battlecruiser
Probe-Mate hyperspace pod,22500,Hyperdrive pod,https://starwars.fandom.com/wiki/Probe-Mate_hyperspace_pod
Quasar Fire-class cruiser-carrier,1750000,Cruiser / light carrier Cruiser-carrier,https://starwars.fandom.com/wiki/Quasar_Fire-class_cruiser-carrier
Raider I-class corvette,3000000,Corvette,https://starwars.fandom.com/wiki/Raider_I-class_corvette
Raider-class corvette/Legends,3000000,Corvette,https://starwars.fandom.com/wiki/Raider-class_corvette/Legends
S-46I Medium Scout Ship,524000,Scout ship,https://starwars.fandom.com/wiki/S-46I_Medium_Scout_Ship
Scimitar assault bomber,120000,Starfighter,https://starwars.fandom.com/wiki/Scimitar_assault_bomber
Secutor-class Star Destroyer,200000000,Star Destroyer Battlecarrier Battlecruiser,https://starwars.fandom.com/wiki/Secutor-class_Star_Destroyer
Secutor-class Star Destroyer/Legends,200000000,Star Destroyer,https://starwars.fandom.com/wiki/Secutor-class_Star_Destroyer/Legends
Sentinel-class landing craft,240000,Assault shuttle,https://starwars.fandom.com/wiki/Sentinel-class_landing_craft
Sentinel-class landing craft/Legends,240000,Landing craft,https://starwars.fandom.com/wiki/Sentinel-class_landing_craft/Legends
Skywatcher-class deep space scout ship,120000,Transport,https://starwars.fandom.com/wiki/Skywatcher-class_deep_space_scout_ship
Sovereign-class Super Star Destroyer,2500000000,Super Star Destroyer,https://starwars.fandom.com/wiki/Sovereign-class_Super_Star_Destroyer
SS-39 Space Skiff,12500,Space skiff,https://starwars.fandom.com/wiki/SS-39_Space_Skiff
Star Galleon-class frigate,17503500,Frigate,https://starwars.fandom.com/wiki/Star_Galleon-class_frigate
Strike-class medium cruiser,17000000,Medium cruiser,https://starwars.fandom.com/wiki/Strike-class_medium_cruiser
Super Transport XI,35000000,Container shiphe,https://starwars.fandom.com/wiki/Super_Transport_XI
Surveyor-class reconnaissance frigate,9600000,Frigate,https://starwars.fandom.com/wiki/Surveyor-class_reconnaissance_frigate
Surveyor-class reconnaissance frigate/Legends,9600000,Frigate,https://starwars.fandom.com/wiki/Surveyor-class_reconnaissance_frigate/Legends
Tartan-class patrol cruiser,4200000,Patrol cruiser,https://starwars.fandom.com/wiki/Tartan-class_patrol_cruiser
TIE Advanced x1,160000,Starfighter,https://starwars.fandom.com/wiki/TIE_Advanced_x1
TIE boarding craft,150000,Transport Shuttle,https://starwars.fandom.com/wiki/TIE_boarding_craft
TIE/ad starfighter,400000,Starfighter,https://starwars.fandom.com/wiki/TIE/ad_starfighter
"TIE/ag ""Aggressor"" Starfighter",75000,Medium strike starfighter,https://starwars.fandom.com/wiki/TIE/ag_%22Aggressor%22_Starfighter
"TIE/ag ""Aggressor"" Starfighter/Legends",75000,Hybrid starfighter / bomber,https://starwars.fandom.com/wiki/TIE/ag_%22Aggressor%22_Starfighter/Legends
"TIE/ca ""Punisher"" Starfighter",253000,Starfighter,https://starwars.fandom.com/wiki/TIE/ca_%22Punisher%22_Starfighter
TIE/ca Punisher/Legends,253000,Starfighter,https://starwars.fandom.com/wiki/TIE/ca_Punisher/Legends
"TIE/d ""Defender"" Multi-Role Starfighter",300000,Starfighter,https://starwars.fandom.com/wiki/TIE/d_%22Defender%22_Multi-Role_Starfighter
"TIE/d ""Defender"" Multi-Role Starfighter/Legends",300000,Starfighter,https://starwars.fandom.com/wiki/TIE/d_%22Defender%22_Multi-Role_Starfighter/Legends
TIE/D Defender Elite,310000,Starfighter,https://starwars.fandom.com/wiki/TIE/D_Defender_Elite
"TIE/hu ""Hunter"" Multi-Role Starfighter",100000,Multi-role Starfighter,https://starwars.fandom.com/wiki/TIE/hu_%22Hunter%22_Multi-Role_Starfighter
TIE/IN interceptor,120000,Starfighter,https://starwars.fandom.com/wiki/TIE/IN_interceptor
TIE/IN interceptor/Legends,75000,Starfighter,https://starwars.fandom.com/wiki/TIE/IN_interceptor/Legends
TIE/ln space superiority starfighter,60000,Starfighter,https://starwars.fandom.com/wiki/TIE/ln_space_superiority_starfighter
TIE/ln space superiority starfighter/Legends,60000,Starfighter,https://starwars.fandom.com/wiki/TIE/ln_space_superiority_starfighter/Legends
TIE/mg Mining Guild starfighter,40000,Modified TIE / ln space superiority starfighter,https://starwars.fandom.com/wiki/TIE/mg_Mining_Guild_starfighter
"TIE/ph ""Phantom"" Multi-Role Stealth Starfighter",365000,Stealth starfighter,https://starwars.fandom.com/wiki/TIE/ph_%22Phantom%22_Multi-Role_Stealth_Starfighter
"TIE/ph ""Phantom"" Multi-Role Stealth Starfighter/Legends",365000,Starfighter,https://starwars.fandom.com/wiki/TIE/ph_%22Phantom%22_Multi-Role_Stealth_Starfighter/Legends
TIE/rb heavy starfighter,90000,Starfighter,https://starwars.fandom.com/wiki/TIE/rb_heavy_starfighter
TIE/rp Reaper attack lander,140000,Dropship Troop carrier,https://starwars.fandom.com/wiki/TIE/rp_Reaper_attack_lander
TIE/sa tactical bomber,150000,Light bomber,https://starwars.fandom.com/wiki/TIE/sa_tactical_bomber
TIE/sh shuttle,150000,Shuttle,https://starwars.fandom.com/wiki/TIE/sh_shuttle
TIE/sh VIP shuttle,120000,Priority personnel shuttle,https://starwars.fandom.com/wiki/TIE/sh_VIP_shuttle
TIE/sk x1 experimental air superiority fighter,50000,Atmospheric fighter,https://starwars.fandom.com/wiki/TIE/sk_x1_experimental_air_superiority_fighter
TIE/sr starfighter,148000,Starfighter,https://starwars.fandom.com/wiki/TIE/sr_starfighter
Ton-Falk-class escort carrier,3500000,Heavy carrier,https://starwars.fandom.com/wiki/Ton-Falk-class_escort_carrier
Torpedo Sphere/Legends,327830000,Dedicated siege platform,https://starwars.fandom.com/wiki/Torpedo_Sphere/Legends
Tribune-class shuttle,150000,Shuttle,https://starwars.fandom.com/wiki/Tribune-class_shuttle
V-19 Torrent starfighter,75000,Starfighter,https://starwars.fandom.com/wiki/V-19_Torrent_starfighter
V-19 Torrent starfighter/Legends,135000,Starfighter,https://starwars.fandom.com/wiki/V-19_Torrent_starfighter/Legends
Venator-class Star Destroyer/Legends,59000000,Star Destroyer,https://starwars.fandom.com/wiki/Venator-class_Star_Destroyer/Legends
Vibre-class assault cruiser,2259000,Assault cruiser,https://starwars.fandom.com/wiki/Vibre-class_assault_cruiser
Victory I-class Star Destroyer/Legends,57000000,Star Destroyer,https://starwars.fandom.com/wiki/Victory_I-class_Star_Destroyer/Legends
Victory II-class Star Destroyer,50000000,Star Destroyer,https://starwars.fandom.com/wiki/Victory_II-class_Star_Destroyer
Victory II-class Star Destroyer/Legends,50000000,Star Destroyer,https://starwars.fandom.com/wiki/Victory_II-class_Star_Destroyer/Legends
Vigil-class corvette,3500000,Corvette,https://starwars.fandom.com/wiki/Vigil-class_corvette
Vindicator-class heavy cruiser/Legends,10400000,Heavy cruiser,https://starwars.fandom.com/wiki/Vindicator-class_heavy_cruiser/Legends
VT-49 Decimator,160000,Raiding vessel Starfighter,https://starwars.fandom.com/wiki/VT-49_Decimator
VT-49 Decimator/Legends,160000,Assault ship,https://starwars.fandom.com/wiki/VT-49_Decimator/Legends
X-26 StarHaul,400000,Space barge,https://starwars.fandom.com/wiki/X-26_StarHaul
Xiytiar-class heavy transport/Legends,800000,Transport,https://starwars.fandom.com/wiki/Xiytiar-class_heavy_transport/Legends
Y-4 Transport,250000,Military Transport,https://starwars.fandom.com/wiki/Y-4_Transport
Zeta-class Heavy Cargo Shuttle,95000,Cargo shuttle,https://starwars.fandom.com/wiki/Zeta-class_Heavy_Cargo_Shuttle
Executor,1143350000,Super Star Destroyer,https://starwars.fandom.com/wiki/Executor
Stormtrooper,15000,Personnel,https://starwars.fandom.com/wiki/Stormtrooper
Imperial Army Trooper,5000,Personnel,https://starwars.fandom.com/wiki/Imperial_Army_trooper
DX-9 Stormtrooper Transport,160000,Assault shuttle,https://starwars.fandom.com/wiki/Delta-class_DX-9_stormtrooper_transport
Repulsorcraft,40000,Repulsorlift Vehicle,
Heavy Repulsor Tank,50000,Repulsorlift Tank,https://starwars.fandom.com/wiki/Imperial-class_1-H_repulsortank/Legends
ISB Agents,150000,Personnel,https://starwars.fandom.com/wiki/Imperial_Security_Bureau
Death Trooper,100000,Personnel,https://starwars.fandom.com/wiki/Death_trooper
AT AT,150,Walker,https://starwars.fandom.com/wiki/All_Terrain_Armored_Transport
AT ST,75000,Walker,https://starwars.fandom.com/wiki/All_Terrain_Scout_Transport
K79-S80 Imperial Troop Transport,70000,Repulsorlift Vehicle,https://starwars.fandom.com/wiki/K79-S80_Imperial_Troop_Transport
74-Z speeder bike,0,Repulsorlift Vehicle,https://starwars.fandom.com/wiki/74-Z_speeder_bike
PX-4 Mobile Command Base,300000,Ground Vehicle,https://starwars.fandom.com/wiki/PX-4_Mobile_Command_Base
IGV-55,1000000,Surveillance Vessel,https://starwars.fandom.com/wiki/IGV-55_surveillance_vessel
Viper probe droid,12500,Droid,https://starwars.fandom.com/wiki/Viper_probe_droid/Legends